,City,Cloudiness,Country,Date,Humidity,Lat,Lng,Max Temp,Wind Speed
0,Cidreira,12,BR,1584716635,71,-30.18,-50.21,71.15,16.42
1,Vaini,75,TO,1584716635,88,-21.2,-175.2,77.0,11.41
2,Upernavik,0,GL,1584716635,93,72.79,-56.15,-13.43,8.61
3,Rusape,93,ZW,1584716635,58,-18.53,32.13,73.69,8.48
4,Kaeo,2,NZ,1584716635,93,-35.1,173.78,60.01,8.34
5,Paamiut,100,GL,1584716635,67,61.99,-49.67,18.79,8.12
6,Katangli,100,RU,1584716635,88,51.71,143.23,22.03,17.87
7,Dul'durga,53,RU,1584716636,64,50.68,113.59,21.13,5.86
8,Lebu,0,CL,1584716636,30,-37.62,-73.65,71.89,4.56
9,Meulaboh,0,ID,1584716636,63,4.14,96.13,85.03,2.57
10,Sinnamary,98,GF,1584716636,76,5.38,-52.95,80.15,10.92
11,Ushuaia,75,AR,1584716636,87,-54.8,-68.3,42.8,24.16
12,Tura,0,IN,1584716636,33,25.52,90.22,72.05,3.2
13,Lompoc,90,US,1584716402,81,34.64,-120.46,50.0,6.93
14,Lata,75,PT,1584716637,100,40.16,-8.33,57.0,5.82
15,Khatanga,100,RU,1584716637,94,71.97,102.5,-7.85,15.73
16,Debre Tabor,24,ET,1584716637,24,11.85,38.02,77.29,12.73
17,Niagara Falls,90,CA,1584716492,93,43.1,-79.07,66.2,21.92
18,Abnūb,0,EG,1584716637,26,27.27,31.15,66.65,16.17
19,Andros Town,6,BS,1584716637,75,24.7,-77.77,78.01,4.0
20,Geraldton,75,AU,1584716637,78,-28.77,114.6,73.4,13.87
21,San Cristobal,75,VE,1584716637,94,7.77,-72.22,75.2,3.36
22,Mataura,100,NZ,1584716637,85,-46.19,168.86,45.0,5.01
23,Yellowknife,20,CA,1584716349,84,62.46,-114.35,16.0,4.7
24,Morristown,75,US,1584716455,93,36.21,-83.29,69.01,11.41
25,Kaitangata,100,NZ,1584716638,68,-46.28,169.85,50.0,15.82
26,Gigmoto,67,PH,1584716638,79,13.78,124.39,81.43,12.17
27,Bluff,98,NZ,1584716638,85,-46.6,168.33,45.0,5.01
28,Rikitea,100,PF,1584716638,79,-23.12,-134.97,79.09,13.78
29,Bengkulu,100,ID,1584716638,87,-3.8,102.27,75.31,2.71
30,Sobolevo,9,RU,1584716638,54,54.43,31.9,43.09,7.02
31,New Norfolk,90,AU,1584716638,82,-42.78,147.06,57.2,8.05
32,Port Shepstone,17,ZA,1584716638,77,-30.74,30.45,79.45,4.43
33,Mezen',100,RU,1584716638,94,65.85,44.24,18.95,8.34
34,Santa Isabel Rio Negro,91,BR,1584716638,54,-0.41,-65.02,88.99,3.8
35,Talnakh,0,RU,1584716638,75,69.49,88.4,-13.0,8.95
36,Barrow,90,US,1584716484,92,71.29,-156.79,30.2,23.04
37,Thompson,5,CA,1584716368,68,55.74,-97.86,-16.6,2.24
38,Olinda,40,BR,1584716639,62,-8.01,-34.86,87.8,9.17
39,Punta Arenas,75,CL,1584716400,81,-53.15,-70.92,46.4,28.86
40,Castro,34,BR,1584716408,57,-24.79,-50.01,77.29,5.86
41,Atuona,55,PF,1584716639,77,-9.8,-139.03,81.79,14.45
42,Baykit,100,RU,1584716639,95,61.67,96.37,23.45,5.7
43,Gorontalo,100,ID,1584716639,95,0.54,123.06,74.95,3.4
44,Nikolskoye,20,RU,1584716639,55,59.7,30.79,35.6,13.42
45,Butaritari,41,KI,1584716639,81,3.07,172.79,81.95,16.2
46,Lillesand,0,NO,1584716639,52,58.25,8.38,42.8,11.41
47,Tuatapere,100,NZ,1584716639,85,-46.13,167.68,45.0,5.01
48,Solnechnyy,98,RU,1584716639,88,50.72,136.63,17.71,6.58
49,Novobirilyussy,100,RU,1584716639,95,56.95,90.67,30.31,10.51
50,Constitución,0,CL,1584716640,41,-35.33,-72.42,67.03,6.38
51,Esmeraldas,75,BR,1584716414,94,-19.76,-44.31,77.0,4.7
52,Gobabis,58,NA,1584716640,48,-22.45,18.97,82.4,9.17
53,Marau,0,BR,1584716430,48,-28.45,-52.2,75.31,3.33
54,Jamestown,90,US,1584716472,93,42.1,-79.24,64.0,19.46
55,Jalingo,100,NG,1584716431,14,8.88,11.37,103.21,6.26
56,Hirara,90,JP,1584716640,79,24.8,125.28,69.19,12.35
57,Palmer,90,US,1584716640,100,42.16,-72.33,52.0,9.17
58,Cockburn Town,0,TC,1584716640,73,21.46,-71.14,76.55,20.42
59,George Town,20,MY,1584716351,83,5.41,100.34,86.0,2.24
60,Puerto Ayora,40,EC,1584716640,83,-0.74,-90.35,81.0,6.93
61,Chui,0,UY,1584716641,47,-33.7,-53.46,77.11,6.76
62,Belmonte,40,BR,1584716641,66,-15.86,-38.88,87.8,10.29
63,Cherskiy,0,RU,1584716641,81,68.75,161.3,-18.65,13.18
64,Henties Bay,0,NA,1584716641,85,-22.12,14.28,64.99,1.99
65,Arrondissement de Langres,98,FR,1584716641,59,47.83,5.33,68.0,2.24
66,Busselton,0,AU,1584716641,52,-33.65,115.33,66.0,15.77
67,Tyrma,100,RU,1584716641,91,50.08,132.17,20.23,1.43
68,San Quintín,57,MX,1584716641,68,30.48,-115.95,55.69,1.95
69,Jijiga,100,ET,1584716641,64,9.35,42.8,70.81,8.61
70,Port Alfred,25,ZA,1584716641,87,-33.59,26.89,68.0,5.99
71,Tasiilaq,75,GL,1584716641,85,65.61,-37.64,23.0,27.51
72,Tuktoyaktuk,90,CA,1584716641,100,69.45,-133.04,28.4,10.29
73,Mehamn,100,NO,1584716584,75,71.04,27.85,20.23,15.05
74,Tiksi,0,RU,1584716642,84,71.69,128.87,-18.47,10.09
75,Carnarvon,67,AU,1584716642,78,-24.87,113.63,80.6,13.87
76,Buraidah,82,SA,1584716642,17,26.33,43.98,82.4,11.41
77,Chokurdakh,18,RU,1584716642,93,70.63,147.92,-9.47,9.75
78,Moerai,100,PF,1584716642,82,-22.43,-151.33,78.91,6.42
79,Maniitsoq,100,GL,1584716642,86,65.42,-52.9,20.23,25.57
80,Saint-Philippe,90,RE,1584716642,65,-21.36,55.77,78.8,9.17
81,Cruzeiro do Sul,67,BR,1584716415,70,-29.51,-51.99,73.0,4.0
82,Bismarck,1,US,1584716583,56,46.81,-100.78,12.2,4.0
83,São Félix do Xingu,100,BR,1584716642,81,-6.64,-51.99,78.19,6.73
84,Dunedin,71,NZ,1584716586,68,-45.87,170.5,51.01,12.59
85,Hobart,90,AU,1584716419,82,-42.88,147.33,57.2,8.05
86,Bredasdorp,0,ZA,1584716643,41,-34.53,20.04,78.8,18.34
87,Garango,100,BF,1584716643,17,11.8,-0.55,104.11,7.7
88,Ivanteyevka,94,RU,1584716643,48,55.97,37.92,42.8,11.18
89,Mitú,67,CO,1584716643,53,1.2,-70.17,88.99,4.59
90,Vila Franca do Campo,20,PT,1584716643,51,37.72,-25.43,59.0,5.82
91,Zhigansk,0,RU,1584716643,96,66.77,123.37,-7.67,4.38
92,Banjarmasin,100,ID,1584716643,81,-3.32,114.59,79.81,2.19
93,Mvuma,67,ZW,1584716643,50,-19.28,30.53,75.65,10.54
94,Verkhnyaya Inta,94,RU,1584716644,94,65.98,60.31,15.35,11.92
95,Bechem,91,GH,1584716644,41,7.09,-2.02,94.93,1.7
96,East London,40,ZA,1584716644,88,-33.02,27.91,66.2,20.8
97,Saskylakh,32,RU,1584716644,91,71.92,114.08,-15.77,13.73
98,Kasane,40,BW,1584716644,54,-17.82,25.15,84.2,5.82
99,Nizip,75,TR,1584716644,81,37.01,37.79,42.8,8.05
100,Xenia,40,US,1584716644,82,39.68,-83.93,69.01,14.99
101,Bethel,90,US,1584716627,100,41.37,-73.41,53.01,4.7
102,Berlevåg,75,NO,1584716644,78,70.86,29.09,17.6,20.8
103,Avarua,100,CK,1584716526,88,-21.21,-159.78,77.0,1.12
104,Ormara,0,PK,1584716644,82,25.21,64.64,75.49,20.24
105,Airai,100,TL,1584716645,92,-8.93,125.41,66.13,3.42
106,Port Elizabeth,48,ZA,1584716645,69,-33.92,25.57,73.4,23.04
107,Yulara,0,AU,1584716645,21,-25.24,130.99,84.2,6.93
108,Rawson,17,AR,1584716645,57,-43.3,-65.1,66.49,10.98
109,Dudinka,0,RU,1584716645,75,69.41,86.18,-13.0,8.95
110,Mangai,99,CD,1584716645,52,-4.05,19.53,89.53,1.92
111,Mar del Plata,40,AR,1584716645,72,-38.0,-57.56,68.0,9.17
112,Kapaa,75,US,1584716645,94,22.08,-159.32,75.2,6.93
113,Albany,90,US,1584716646,81,42.6,-73.97,57.0,14.99
114,Pangnirtung,90,CA,1584716646,91,66.15,-65.71,-2.2,4.79
115,‘Āhuimanu,1,US,1584716646,83,21.44,-157.84,71.6,4.32
116,Oddur,100,SO,1584716646,55,4.12,43.89,82.51,13.33
117,Mokrousovo,100,RU,1584716646,96,55.81,66.77,32.45,12.19
118,Erzin,75,TR,1584716648,100,36.96,36.2,57.2,11.41
119,Babati,16,TZ,1584716648,83,-4.22,35.75,73.69,4.9
120,Ponta do Sol,20,PT,1584716648,52,32.67,-17.1,64.4,16.11
121,Klaksvík,100,FO,1584716648,69,62.23,-6.59,39.2,16.11
122,Dickinson,75,US,1584716648,88,29.46,-95.05,75.99,6.93
123,Bathsheba,40,BB,1584716648,66,13.22,-59.52,84.2,18.34
124,Manerbio,40,IT,1584716648,55,45.36,10.14,69.01,8.05
125,Hermanus,0,ZA,1584716648,81,-34.42,19.23,73.99,5.01
126,Bambanglipuro,100,ID,1584716648,86,-7.95,110.28,77.29,1.86
127,Inírida,84,CO,1584716406,70,3.87,-67.92,86.65,0.89
128,Amahai,100,ID,1584716649,92,-3.33,128.92,77.45,8.01
129,Qaanaaq,0,GL,1584716649,50,77.48,-69.36,-9.65,5.46
130,La Grande,1,US,1584716649,85,45.32,-118.09,42.01,0.36
131,Codrington,91,AU,1584716649,74,-38.27,141.97,59.11,11.79
132,Puerto Baquerizo Moreno,75,EC,1584716649,83,-0.9,-89.6,78.8,8.05
133,Nishihara,75,JP,1584716649,72,26.18,127.76,68.0,5.82
134,Shahrud,1,IR,1584716378,48,36.42,54.98,51.55,1.16
135,Bantry,75,IE,1584716649,52,51.68,-9.45,46.4,23.04
136,Arraial do Cabo,75,BR,1584716649,59,-22.97,-42.03,93.2,3.36
137,Kangaatsiaq,100,GL,1584716649,85,68.31,-53.46,21.49,34.61
138,Hilo,75,US,1584716405,78,19.73,-155.09,71.6,5.82
139,Hermitage,90,US,1584716458,93,41.23,-80.45,66.0,8.05
140,Praia da Vitória,75,PT,1584716432,59,38.73,-27.07,60.8,8.99
141,Bathurst,0,AU,1584716650,56,-33.42,149.58,59.0,4.25
142,Dezful,33,IR,1584716650,40,32.38,48.41,65.05,2.64
143,Kosh-Agach,9,RU,1584716650,74,50.0,88.67,7.09,2.19
144,Sar-e Pul,100,AF,1584716650,75,35.83,66.17,49.21,6.13
145,Mamlyutka,100,KZ,1584716650,94,54.94,68.54,33.73,15.12
146,La Ronge,40,CA,1584716650,62,55.1,-105.28,-13.0,5.88
147,Fairbanks,90,US,1584716650,80,64.84,-147.72,33.8,10.29
148,Guanhães,60,BR,1584716650,62,-18.77,-42.93,81.95,5.82
149,Acapulco de Juárez,5,MX,1584716650,83,16.86,-99.89,78.8,5.82
150,Malakal,67,SS,1584716651,7,9.53,31.66,100.15,5.48
151,Ponta Delgada,20,PT,1584716651,51,37.73,-25.67,59.0,5.82
152,Iqaluit,90,CA,1584716651,64,63.75,-68.51,1.4,8.05
153,Sittwe,31,MM,1584716651,70,20.15,92.9,78.73,13.91
154,Bonavista,67,CA,1584716651,81,48.65,-53.11,30.0,4.0
155,San Rafael,0,AR,1584716652,25,-34.62,-68.33,77.29,8.03
156,Tazovsky,86,RU,1584716652,93,67.47,78.7,-8.39,13.69
157,Ancud,90,CL,1584716652,100,-41.87,-73.82,57.2,3.36
158,Awjilah,0,LY,1584716652,22,29.11,21.29,70.09,14.34
159,Aklavik,90,CA,1584716653,64,68.22,-135.01,37.4,6.93
160,Easton,90,US,1584716653,87,40.69,-75.22,59.0,5.82
161,Caravelas,25,BR,1584716653,78,-17.71,-39.25,81.79,13.98
162,Kruisfontein,21,ZA,1584716653,72,-34.0,24.73,67.75,17.58
163,Kasamwa,85,TZ,1584716654,83,-2.85,32.43,75.31,2.95
164,Calamar,0,CO,1584716654,70,10.25,-74.91,84.2,4.7
165,Svetlaya,100,RU,1584716654,68,46.54,138.33,32.65,13.62
166,Sørkjosen,99,NO,1584716654,51,69.8,20.93,29.59,23.91
167,Fredericton,90,CA,1584716431,100,45.95,-66.67,42.01,11.41
168,Longyearbyen,40,SJ,1584716584,65,78.22,15.64,5.0,16.11
169,Husavik,75,IS,1584716365,60,66.04,-17.34,41.0,35.57
170,Mahébourg,75,MU,1584716654,61,-20.41,57.7,80.6,3.36
171,Cam Ranh,20,VN,1584716654,78,11.92,109.16,82.4,2.24
172,Yichang,10,CN,1584716655,63,30.71,111.28,65.23,5.1
173,Mitsamiouli,20,KM,1584716655,66,-11.38,43.28,89.6,9.17
174,Vrangel',55,RU,1584716655,73,42.73,133.08,37.33,12.15
175,Ust-Maya,100,RU,1584716655,91,60.42,134.53,13.39,4.85
176,Cape Town,20,ZA,1584716349,60,-33.93,18.42,75.99,16.11
177,Esim,79,GH,1584716593,61,4.87,-2.24,89.15,10.78
178,Wuwei,100,CN,1584716655,25,37.93,102.64,50.29,4.0
179,Karakol,100,KG,1584716632,47,42.49,78.39,38.05,5.08
180,Hobyo,32,SO,1584716656,71,5.35,48.53,84.13,12.84
181,San Patricio,90,MX,1584716656,94,19.22,-104.7,69.8,5.82
182,Blagodatnoye,100,RU,1584716656,66,45.4,42.59,44.6,13.42
183,Alihe,0,CN,1584716656,88,50.57,123.72,19.33,4.14
184,Nanortalik,100,GL,1584716656,59,60.14,-45.24,22.21,27.16
185,Keetmanshoop,20,NA,1584716567,14,-26.58,18.13,95.0,8.05
186,Hasaki,20,JP,1584716506,47,35.73,140.83,42.8,4.7
187,Turaif,40,SA,1584716524,47,31.67,38.66,55.4,11.41
188,Äänekoski,0,FI,1584716656,30,62.69,25.82,30.0,6.93
189,Spas-Demensk,33,RU,1584716656,65,54.41,34.02,39.65,4.5
190,Brza Palanka,0,RS,1584716657,39,44.47,22.44,65.23,5.77
191,Dikson,65,RU,1584716657,99,73.51,80.55,-14.87,14.07
192,Province of Mantua,17,IT,1584716657,42,45.17,10.78,70.0,5.82
193,Lagunas,89,PE,1584716657,60,-5.23,-75.68,85.93,4.05
194,Pisco,40,PE,1584716657,30,-13.7,-76.22,75.0,8.05
195,Herat Province,33,AF,1584716657,63,34.5,62.0,58.55,12.8
196,Norman Wells,75,CA,1584716657,79,65.28,-126.83,19.4,3.36
197,Saldanha,48,ZA,1584716659,60,-33.01,17.94,75.2,10.29
198,Atherton,0,GB,1584716659,39,53.52,-2.49,53.01,16.11
199,Half Moon Bay,20,US,1584716659,87,37.46,-122.43,48.0,8.05
200,Jyvaskyla,0,FI,1584716498,30,62.24,25.72,30.2,10.29
201,Clearlake,90,US,1584716547,100,38.96,-122.63,41.0,3.29
202,Beringovskiy,100,RU,1584716659,94,63.05,179.32,12.31,10.89
203,Wattegama,40,LK,1584716659,88,6.8,81.48,82.4,2.24
204,Ouargaye,100,BF,1584716659,20,11.5,0.06,103.39,5.3
205,Kavieng,99,PG,1584716659,75,-2.57,150.8,83.23,7.74
206,Labuhan,100,ID,1584716661,83,-6.88,112.21,77.83,2.59
207,Yangi Marg`ilon,100,UZ,1584716661,37,40.43,71.72,66.2,6.93
208,Katsuura,0,JP,1584716661,45,35.13,140.3,53.6,14.99
209,Deogarh,99,IN,1584716661,33,21.53,84.73,78.01,2.59
210,Aykhal,100,RU,1584716661,64,66.0,111.5,-2.2,2.24
211,El Alto,92,PE,1584716661,100,-4.27,-81.21,62.6,14.99
212,Derzhavīnsk,100,KZ,1584716661,83,51.1,66.32,34.09,10.56
213,Guerrero Negro,0,MX,1584716482,71,27.98,-114.06,57.85,12.19
214,Kalianget,43,ID,1584716661,74,-7.05,113.93,82.69,7.14
215,Hithadhoo,100,MV,1584716661,69,-0.6,73.08,84.85,5.35
216,Puerto Colombia,20,CO,1584716662,66,10.99,-74.95,84.2,2.24
217,Udachny,25,RU,1584716662,64,66.42,112.4,-2.2,2.24
218,Srednekolymsk,0,RU,1584716663,80,67.45,153.68,-10.55,9.15
219,Saint Paul Harbor,1,US,1584716663,55,57.79,-152.41,37.4,6.93
220,Takoradze,79,GH,1584716663,61,4.88,-1.76,89.15,10.78
221,Sept-Îles,90,CA,1584716663,92,50.2,-66.38,30.0,23.04
222,Omboué,100,GA,1584716663,88,-1.57,9.26,77.45,4.14
223,Makkah al Mukarramah,0,SA,1584716661,18,21.43,39.83,78.19,15.26
224,Honningsvåg,100,NO,1584716633,66,70.98,25.97,25.81,20.51
225,Brits,20,ZA,1584716663,39,-25.63,27.78,84.2,8.05
226,Genhe,0,CN,1584716663,86,50.78,121.52,13.03,4.07
227,Saint George,100,US,1584716397,93,37.1,-113.58,42.01,10.29
228,Ilulissat,75,GL,1584716664,79,69.22,-51.1,21.2,18.34
229,Padang,86,ID,1584716664,94,-0.95,100.35,69.35,2.89
230,Makakilo City,75,US,1584716664,100,21.35,-158.09,71.6,4.32
231,Grand Gaube,75,MU,1584716664,61,-20.01,57.66,80.6,3.36
232,Namatanai,96,PG,1584716664,74,-3.67,152.43,83.05,6.29
233,Coyhaique,75,CL,1584716664,59,-45.58,-72.07,64.4,6.93
234,Kumul,100,CN,1584716664,42,42.8,93.45,52.63,15.7
235,Fortuna,40,US,1584716664,100,40.6,-124.16,39.99,3.36
236,Pontal do Paraná,75,BR,1584716664,61,-25.65,-48.51,82.0,3.36
237,Xishan,40,CN,1584716664,52,27.67,113.5,69.8,4.47
238,Saint Anthony,1,US,1584716664,53,45.02,-93.22,24.01,18.34
239,Port-Cartier,90,CA,1584716664,92,50.03,-66.87,30.0,23.04
240,St. Marys,75,US,1584716374,73,30.73,-81.55,79.0,11.41
241,Sur,75,OM,1584716665,49,22.57,59.53,81.61,4.9
242,Pacific Grove,90,US,1584716665,93,36.62,-121.92,51.01,5.79
243,San Jerónimo,90,PE,1584716665,68,-11.95,-75.28,49.39,3.67
244,Bagdarin,98,RU,1584716665,76,54.43,113.6,6.35,5.32
245,Srīvardhan,0,IN,1584716665,78,18.03,73.02,74.05,7.18
246,Berbera,32,SO,1584716665,84,10.44,45.01,79.25,12.95
247,Taoudenni,0,ML,1584716665,10,22.68,-3.98,87.55,15.03
248,Klyuchi,0,RU,1584716665,85,52.27,79.17,27.43,11.81
249,Malanje,75,AO,1584716665,83,-9.54,16.34,80.6,10.29
250,Mombetsu,99,JP,1584716666,82,44.35,143.35,33.55,33.06
251,Ribeira Grande,75,PT,1584716666,67,38.52,-28.7,60.8,9.17
252,Alta Floresta,75,BR,1584716455,83,-9.88,-56.09,80.6,9.17
253,Crixás,58,BR,1584716666,76,-14.55,-49.97,81.43,5.3
254,Maningrida,100,AU,1584716666,80,-12.07,134.27,81.05,14.07
255,Porto-Novo,20,BJ,1584716666,79,6.5,2.6,86.0,14.99
256,Thibodaux,90,US,1584716666,83,29.8,-90.82,79.0,11.41
257,Lac du Bonnet,43,CA,1584716666,65,50.25,-96.06,1.99,4.5
258,Faanui,100,PF,1584716666,69,-16.48,-151.75,83.23,7.83
259,Tsuruoka,83,JP,1584716666,81,38.72,139.82,31.75,25.14
260,Ostrovnoy,100,RU,1584716666,75,68.05,39.51,18.05,13.4
261,Kargasok,100,RU,1584716666,97,59.06,80.86,33.01,12.84
262,Hargeisa,35,SO,1584716666,38,9.56,44.06,82.15,13.31
263,Harrisonburg,75,US,1584716438,68,38.45,-78.87,73.99,10.29
264,Wenling,0,CN,1584716667,78,28.37,121.36,57.0,6.51
265,Narva-Jõesuu,0,EE,1584716667,63,59.46,28.04,31.39,14.2
266,Trelew,15,AR,1584716667,27,-43.25,-65.31,72.95,18.59
267,Kununurra,13,AU,1584716667,74,-15.77,128.73,78.8,1.12
268,Umluj,0,SA,1584716667,32,25.02,37.27,69.91,10.2
269,Nuuk,40,GL,1584716497,57,64.18,-51.72,23.0,23.04
270,Clyde River,5,CA,1584716667,53,70.47,-68.59,-4.0,13.87
271,Caucaia,40,BR,1584716522,70,-3.74,-38.65,86.0,5.82
272,Coquimbo,90,CL,1584716668,82,-29.95,-71.34,60.8,2.24
273,Lingion,87,PH,1584716668,84,8.19,124.61,78.01,4.0
274,Lagoa,100,PT,1584716668,71,39.05,-27.98,58.55,15.3
275,Lavrentiya,100,RU,1584716668,90,65.58,-171.0,25.63,18.39
276,Vestmannaeyjar,75,IS,1584716585,86,63.44,-20.27,41.0,28.86
277,Bambous Virieux,75,MU,1584716668,61,-20.34,57.76,80.6,3.36
278,Hong Kong,40,HK,1584716586,94,22.29,114.16,73.0,11.41
279,Korla,100,CN,1584716669,39,41.76,86.15,43.63,4.43
280,Aksarka,32,RU,1584716669,93,66.56,67.8,3.31,7.58
281,Belaya Gora,26,RU,1584716669,87,68.53,146.42,-5.33,7.99
282,Arlit,62,NE,1584716669,6,18.74,7.39,104.11,11.99
283,Atasū,15,KZ,1584716669,70,48.68,71.64,26.15,6.8
284,Kahului,1,US,1584716669,83,20.89,-156.47,71.6,4.7
285,Vallenar,0,CL,1584716669,53,-28.57,-70.76,68.65,8.1
286,Kāsaragod,52,IN,1584716669,62,12.5,75.0,84.2,5.82
287,Beyneu,100,KZ,1584716669,83,45.32,55.2,47.05,19.22
288,Beloha,100,MG,1584716669,67,-25.17,45.05,74.41,17.02
289,Bria,62,CF,1584716669,17,6.54,21.99,97.09,5.66
290,Novy Urengoy,100,RU,1584716669,94,66.08,76.63,8.15,15.84
291,Muros,75,ES,1584716670,87,42.78,-9.06,57.0,3.36
292,Cumpas,0,MX,1584716670,49,29.98,-109.78,51.35,2.37
293,Tomatlán,0,MX,1584716670,41,19.93,-105.25,80.35,1.9
294,Zhangye,100,CN,1584716670,20,38.93,100.45,48.65,1.12
295,Iğdır,20,TR,1584716670,36,39.92,44.05,59.0,2.24
296,Sitka,1,US,1584716670,86,57.05,-135.33,33.8,5.82
297,Seydi,5,TM,1584716670,50,39.48,62.91,60.19,11.79
298,Nome,90,US,1584716670,91,64.5,-165.41,32.0,23.04
299,Marsh Harbour,90,BS,1584716670,72,26.54,-77.06,75.31,15.97
300,Khor,51,RU,1584716671,81,47.89,134.95,18.61,1.61
301,Vieux-Habitants,0,GP,1584716671,88,16.06,-61.77,73.4,14.99
302,Bela Vista,65,BR,1584716671,73,-22.11,-56.52,81.61,6.46
303,Poquoson,1,US,1584716526,65,37.12,-76.35,78.01,12.75
304,Havøysund,90,NO,1584716671,85,71.0,24.66,23.0,12.75
305,Shaturtorf,61,RU,1584716671,68,55.57,39.42,37.69,5.53
306,Margate,20,GB,1584716671,65,51.38,1.39,50.0,19.46
307,Paciran,99,ID,1584716671,79,-6.88,112.38,78.73,0.83
308,Hay River,75,CA,1584716671,66,60.82,-115.8,10.4,3.36
309,Agadez,92,NE,1584716407,7,19.75,10.25,98.53,13.82
310,Taksimo,99,RU,1584716652,86,56.34,114.88,10.15,2.48
311,Yaan,90,NG,1584716672,44,7.38,8.57,94.21,6.85
312,Noumea,20,NC,1584716672,83,-22.28,166.46,71.6,2.24
313,Grindavik,90,IS,1584716672,93,63.84,-22.43,39.2,36.91
314,Lodwar,51,KE,1584716672,34,3.12,35.6,93.85,19.01
315,Itakyry,0,PY,1584716672,37,-24.93,-55.22,79.99,5.61
316,Malindi,1,KE,1584716636,67,-3.22,40.12,84.13,10.38
317,Cabo San Lucas,5,MX,1584716414,82,22.89,-109.91,64.99,9.17
318,Kamenka,21,RU,1584716672,57,51.32,42.77,45.0,4.0
319,Ferry Pass,75,US,1584716672,83,30.51,-87.21,78.01,11.41
320,Alofi,90,NU,1584716672,94,-19.06,-169.92,75.2,4.7
321,Antofagasta,90,CL,1584716672,72,-23.65,-70.4,68.0,2.24
322,Rocha,0,UY,1584716546,47,-34.48,-54.33,74.95,8.75
323,Tual,99,ID,1584716673,70,-5.67,132.75,83.23,0.18
324,Camacha,75,PT,1584716673,52,33.08,-16.33,64.4,23.04
325,Zarubino,100,RU,1584716673,71,42.63,131.09,39.49,6.49
326,Pevek,52,RU,1584716673,99,69.7,170.31,-16.49,5.35
327,Bereda,20,ES,1584716673,82,43.27,-7.54,62.01,3.36
328,Las Lomas,20,PA,1584716673,54,8.43,-82.4,84.2,3.36
329,Võhma,75,EE,1584716673,70,58.63,25.55,42.8,5.82
330,Hokitika,100,NZ,1584716673,74,-42.72,170.97,54.61,7.61
331,Greenfield,90,US,1584716674,74,42.96,-88.01,37.99,18.34
332,Leningradskiy,100,RU,1584716674,96,69.38,178.42,-4.79,11.43
333,Damphu,97,BT,1584716674,70,27.07,90.11,54.61,5.3
334,Port Lincoln,100,AU,1584716674,80,-34.73,135.87,62.71,10.18
335,Moroto,100,UG,1584716674,46,2.53,34.67,81.05,13.42
336,Portoferraio,75,IT,1584716674,82,42.81,10.31,64.99,2.24
337,Necochea,0,AR,1584716424,78,-38.55,-58.74,73.99,7.0
338,Cayenne,90,GF,1584716674,78,4.93,-52.33,82.4,8.05
339,Augusto Corrêa,98,BR,1584716674,90,-1.02,-46.63,81.05,5.46
340,Aswān,0,EG,1584716674,15,24.09,32.91,80.89,6.85
341,Talca,0,CL,1584716473,52,-35.43,-71.67,64.4,2.24
342,Piterka,48,RU,1584716674,60,50.68,47.45,42.91,11.27
343,Nuevitas,40,CU,1584716674,65,21.55,-77.26,78.8,18.34
344,Kulhudhuffushi,100,MV,1584716674,75,6.62,73.07,83.95,8.75
345,Riyadh,40,SA,1584716402,32,24.69,46.72,82.4,6.93
346,Marawi,87,PH,1584716675,84,8.0,124.29,78.01,4.0
347,Nong Khai,40,TH,1584716675,69,17.88,102.74,86.0,4.7
348,Esperance,90,AU,1584716675,88,-33.87,121.9,64.4,4.7
349,Shache,12,CN,1584716675,19,38.42,77.24,60.19,0.65
350,Ongwediva,85,NA,1584716675,49,-17.78,15.77,83.05,7.54
351,Moreno,40,BR,1584716434,62,-8.12,-35.09,87.8,9.17
352,Sioux Lookout,5,CA,1584716675,59,50.1,-91.92,1.4,9.17
353,Vao,3,NC,1584716675,72,-22.67,167.48,76.21,17.29
354,Tagusao,67,PH,1584716676,91,9.19,117.81,75.49,2.01
355,Campos Novos,0,BR,1584716676,38,-27.4,-51.23,73.33,4.85
356,Buala,86,SB,1584716676,76,-8.14,159.59,81.05,2.24
357,Naze,0,JP,1584716676,82,28.37,129.48,55.4,1.12
358,Comodoro Rivadavia,41,AR,1584716676,43,-45.87,-67.5,71.6,24.16
359,Arrondissement du Havre,90,FR,1584716676,93,49.58,0.33,51.01,19.46
360,Daru,94,PG,1584716676,93,-9.08,143.21,76.93,7.05
361,Leh,5,IN,1584716676,58,34.17,77.58,10.69,3.36
362,Campbell River,20,CA,1584716676,100,50.02,-125.24,32.0,3.36
363,Galveston,75,US,1584716676,88,29.37,-94.97,75.99,6.93
364,Sijunjung,100,ID,1584716676,97,-0.69,100.95,72.05,1.95
365,Metro,76,ID,1584716677,89,-5.11,105.31,76.21,2.13
366,Tutóia,99,BR,1584716677,79,-2.76,-42.27,84.13,6.31
367,Nabire,100,ID,1584716608,97,-3.37,135.48,74.23,1.86
368,Faya,75,SA,1584716677,88,18.39,42.45,64.4,11.41
369,Nyimba,92,ZM,1584716677,92,-14.56,30.81,75.49,2.95
370,Beitbridge,0,ZW,1584716677,28,-22.22,30.0,91.15,15.21
371,Narsaq,40,GL,1584716585,57,60.92,-46.05,21.2,10.29
372,Forsytheganj,82,BY,1584716677,44,52.63,29.73,46.69,6.29
373,Severo-Kuril'sk,100,RU,1584716678,97,50.68,156.12,32.45,20.42
374,Pueblo Nuevo,0,MX,1584716679,35,23.38,-105.38,66.85,2.28
375,Torbay,90,CA,1584716679,68,47.67,-52.73,34.0,9.17
376,Verkhoyansk,0,RU,1584716679,67,67.54,133.38,-7.13,5.75
377,Orlik,80,RU,1584716679,93,52.52,99.83,8.53,4.0
378,Anadyr,100,RU,1584716578,70,64.75,177.48,1.4,8.95
379,Pathein,0,MM,1584716680,81,16.78,94.73,75.65,9.01
380,Shelburne,90,CA,1584716680,100,44.08,-80.2,64.4,4.7
381,Kinsale,75,IE,1584716680,52,51.71,-8.53,46.4,23.04
382,Arrondissement de Niort,72,FR,1584716680,40,46.33,-0.33,71.01,9.17
383,Nha Trang,20,VN,1584716386,78,12.25,109.18,82.4,2.24
384,Antu,74,IN,1584716681,27,26.05,81.92,78.35,5.64
385,Silvânia,40,BR,1584716681,83,-16.66,-48.61,77.0,8.05
386,São Francisco,99,BR,1584716681,75,-15.95,-44.86,82.69,5.57
387,Port Blair,40,IN,1584716681,67,11.67,92.75,81.43,3.15
388,Banjar,20,ID,1584716681,89,-8.19,114.97,84.2,5.82
389,Corning,75,US,1584716626,93,42.14,-77.05,66.0,19.46
390,Hudson Bay,100,CA,1584716681,90,52.85,-102.38,6.35,4.03
391,Gachsaran,100,IR,1584716681,18,30.36,50.8,73.4,4.7
392,Tilichiki,67,RU,1584716681,91,60.47,166.1,2.75,2.08
393,Mandan,1,US,1584716681,56,46.83,-100.89,12.2,4.0
394,Port Hedland,22,AU,1584716682,79,-20.32,118.57,87.8,10.29
395,Nouadhibou,0,MR,1584716682,24,20.93,-17.03,80.6,12.75
396,Barentu,54,ER,1584716682,12,15.11,37.59,91.15,15.97
397,Mount Isa,0,AU,1584716562,64,-20.73,139.5,69.8,10.13
398,Eirunepé,67,BR,1584716682,65,-6.66,-69.87,86.29,4.09
399,San Andrés,40,CO,1584716503,78,12.58,-81.7,80.6,9.17
400,Lesnoy,0,RU,1584716682,85,57.62,63.08,31.03,7.54
401,Tabou,79,CI,1584716682,65,4.42,-7.35,88.09,7.49
402,Gizo Government Station,98,SB,1584716682,86,-8.1,156.84,76.93,4.63
403,Najrān,75,SA,1584716683,42,17.49,44.13,86.0,17.22
404,Poya,65,NC,1584716683,72,-21.35,165.15,76.03,7.49
405,Sabang,9,ID,1584716683,70,5.89,95.32,83.41,9.37
406,Bay Roberts,90,CA,1584716683,68,47.6,-53.26,34.0,9.17
407,Jalu,0,LY,1584716683,22,29.03,21.55,70.09,14.34
408,General Bravo,33,MX,1584716683,70,25.8,-99.17,78.55,16.35
409,Elliot Lake,90,CA,1584716683,84,46.38,-82.63,32.0,20.8
410,Kisesa,82,TZ,1584716683,65,-3.08,34.15,78.55,6.02
411,Mugur-Aksy,33,RU,1584716683,60,50.35,90.5,8.35,5.57
412,Kongsberg,0,NO,1584716683,35,59.67,9.65,45.0,11.41
413,Saint-Pierre,90,RE,1584716684,65,-21.34,55.48,78.8,9.17
414,Mamou,65,GN,1584716684,11,10.5,-12.0,103.03,3.76
415,Clarence Town,90,AU,1584716684,88,-32.58,151.78,72.0,12.75
416,Darhan,24,MN,1584716684,60,49.49,105.92,28.85,2.08
417,Alexandria,71,EG,1584716526,66,31.22,29.96,54.95,15.28
418,Oktyabr'skiy,71,RU,1584716684,97,54.48,53.47,29.95,4.61
419,Vlasenica,35,BA,1584716684,38,44.18,18.94,71.6,6.93
420,Mana,89,GF,1584716684,57,5.66,-53.78,86.29,5.35
421,Nelson Bay,90,AU,1584716684,88,-32.72,152.15,72.0,12.75
422,Mahibadhoo,100,MV,1584716521,74,3.78,72.97,84.49,10.25
423,Lebedinyy,100,RU,1584716684,98,58.52,125.52,6.01,1.83
424,Ippy,91,CF,1584716684,16,6.27,21.22,99.43,8.72
425,Palizada,20,MX,1584716684,78,18.25,-92.08,78.8,17.22
426,Karratha,100,AU,1584716685,69,-20.74,116.85,87.35,10.0
427,Misratah,0,LY,1584716685,72,32.38,15.09,59.83,25.08
428,Rāwah,34,IQ,1584716685,37,34.48,41.91,60.19,11.1
429,Sumbe,75,AO,1584716685,68,-11.21,13.84,84.2,8.05
430,Puerto Lempira,40,HN,1584716685,74,15.27,-83.77,82.4,12.62
431,Surab,0,PK,1584716500,38,28.49,66.26,58.75,8.41
432,Provideniya,100,RU,1584716685,96,64.38,-173.3,21.13,14.63
433,Los Llanos de Aridane,20,ES,1584716685,60,28.66,-17.92,69.8,6.93
434,Desaguadero,84,PE,1584716685,66,-16.57,-69.04,51.55,8.95
435,Coihueco,0,CL,1584716685,67,-36.62,-71.83,59.0,5.82
436,Tahe,100,CN,1584716685,96,52.33,124.73,20.75,3.15
437,Buenavista,50,PH,1584716686,83,8.98,125.41,73.69,4.83
438,Benguela,70,AO,1584716686,73,-12.58,13.41,80.35,7.07
439,Weiser,90,US,1584716686,64,44.25,-116.97,41.0,6.93
440,Mandalgovi,0,MN,1584716686,45,45.76,106.27,26.53,8.32
441,Pitimbu,75,BR,1584716686,66,-7.47,-34.81,87.8,9.17
442,Viganello,40,CH,1584716686,51,46.01,8.97,66.0,8.05
443,Mpika,99,ZM,1584716686,87,-11.83,31.45,70.09,7.52
444,Carupano,20,VE,1584716686,47,10.67,-63.26,86.45,5.86
445,Jieshi,100,CN,1584716686,88,22.81,115.83,69.01,3.36
446,Palora,40,EC,1584716687,78,-1.7,-77.93,82.4,2.24
447,Juradó,0,CO,1584716687,78,7.11,-77.76,77.65,1.48
448,Viedma,0,AR,1584716646,22,-40.81,-63.0,79.09,15.77
449,Touros,40,BR,1584716687,62,-5.2,-35.46,87.8,10.29
450,Tiznit Province,100,MA,1584716687,76,29.58,-9.5,57.65,14.58
451,Talaya,0,RU,1584716687,81,61.38,152.75,-12.35,3.49
452,Havelock,40,US,1584716687,78,34.88,-76.9,77.0,16.11
453,Kismayo,0,SO,1584716626,72,-0.36,42.55,83.75,12.08
454,Natal,40,BR,1584716647,62,-5.79,-35.21,87.8,9.17
455,Mabaruma,71,GY,1584716585,52,8.2,-59.78,87.19,5.61
456,Sandwick,75,GB,1584716688,60,60.0,-1.25,41.0,10.29
457,Vaitape,100,PF,1584716688,69,-16.52,-151.75,83.23,7.83
458,Médéa,20,DZ,1584716688,68,36.26,2.75,68.0,14.99
459,Eydhafushi,100,MV,1584716688,75,5.1,73.07,83.95,10.09
460,Alto Araguaia,100,BR,1584716688,83,-17.31,-53.22,77.65,11.36
461,Lianhe,64,CN,1584716688,84,47.13,129.27,26.35,2.44
462,Prabumulih,100,ID,1584716688,95,-3.45,104.25,74.95,1.21
463,Souillac,75,MU,1584716688,61,-20.52,57.52,80.6,3.36
464,Rabo de Peixe,20,PT,1584716689,51,37.8,-25.58,59.0,3.36
465,Pringsewu,100,ID,1584716689,98,-5.36,104.97,72.05,1.9
466,Saint-Paul,90,RE,1584716689,69,-21.01,55.27,78.8,4.7
467,Erenhot,100,CN,1584716689,42,43.65,111.98,39.49,5.5
468,Murgab,90,TM,1584716689,63,37.5,61.97,60.8,13.87
469,Emerald,0,AU,1584716690,68,-23.53,148.17,69.8,4.7
470,Shingū,0,JP,1584716690,61,33.73,135.98,51.91,12.01
471,San Luis,0,AR,1584716636,30,-33.3,-66.34,86.11,17.78
472,Mayo,90,US,1584716690,68,38.89,-76.51,75.0,12.75
473,‘Ewa Beach,20,US,1584716690,88,21.32,-158.01,71.6,4.32
474,Yangambi,81,CD,1584716691,46,0.81,24.43,91.85,1.57
475,Bulanash,44,RU,1584716691,87,57.28,62.0,30.49,5.77
476,Deputatsky,86,RU,1584716691,90,69.3,139.9,-3.89,7.47
477,Hauterive,24,FR,1584716691,32,46.09,3.45,69.8,8.05
478,Invermere,41,CA,1584716691,88,50.52,-116.04,21.0,0.67
479,Krieglach,20,AT,1584716691,30,47.53,15.55,71.01,4.7
480,Muroto-misakicho,0,JP,1584716691,56,33.28,134.15,44.35,4.12
481,Isangel,92,VU,1584716691,83,-19.55,169.27,77.11,19.66
482,Vardø,20,NO,1584716691,72,70.37,31.11,17.6,12.75
483,Cubatão,75,BR,1584716691,78,-23.89,-46.43,82.4,2.24
484,Jurm,100,AF,1584716691,36,36.86,70.83,46.51,4.81
485,Mukhen,96,RU,1584716692,93,48.1,136.1,18.95,1.77
486,Baruun-Urt,25,MN,1584716692,52,46.68,113.28,19.33,1.92
487,Itarantim,100,BR,1584716692,70,-15.66,-40.07,83.95,3.6
488,Koumac,62,NC,1584716692,89,-20.57,164.28,68.83,3.62
489,Oranjestad,75,AW,1584716684,62,12.52,-70.03,84.2,20.8
490,Esil,100,KZ,1584716692,91,51.96,66.4,31.75,9.95
491,Guider,37,CM,1584716692,7,9.93,13.95,105.55,7.61
492,Bilma,95,NE,1584716692,7,18.69,12.92,97.45,10.0
493,Great Falls,20,US,1584716693,78,47.5,-111.3,19.99,3.36
494,Jiwani,33,PK,1584716693,81,25.05,61.74,76.03,17.22
495,Baie-Saint-Paul,100,CA,1584716693,95,47.44,-70.5,37.0,3.22
496,Santa Maria,100,BR,1584716693,60,-29.68,-53.81,69.73,5.44
497,Nantucket,90,US,1584716508,100,41.28,-70.1,50.0,6.93
498,Puerto Escondido,5,MX,1584716694,94,15.85,-97.07,77.0,5.82
499,Kiunga,58,PG,1584716694,91,-6.12,141.29,72.43,0.69
500,Rosignol,41,GY,1584716465,79,6.28,-57.53,79.99,15.3
501,Ialibu,97,PG,1584716400,98,-6.28,143.99,60.73,1.32
502,Kawalu,100,ID,1584716695,95,-7.38,108.21,71.35,2.33
503,Pomezia,16,IT,1584716695,45,41.67,12.51,68.0,6.93
504,Suntar,97,RU,1584716695,92,62.14,117.63,19.15,6.85
505,Lukulu,49,ZM,1584716695,67,-14.37,23.24,78.01,3.06
506,Newark,90,US,1584716506,81,40.74,-74.17,62.6,6.93
507,Lewistown,90,US,1584716695,100,40.6,-77.57,64.0,9.8
508,Quatre Cocos,75,MU,1584716695,61,-20.21,57.76,80.6,3.36
509,Ola,0,RU,1584716696,92,59.58,151.28,-3.89,4.25
510,Taguing,6,PH,1584716696,92,17.94,121.76,68.83,3.67
511,Lucapa,100,AO,1584716696,75,-8.42,20.74,81.25,3.67
512,Shimanovsk,100,RU,1584716696,93,52.0,127.7,21.65,4.65
513,Ahipara,11,NZ,1584716696,80,-35.17,173.17,65.95,10.47
514,Novyy Urgal,2,RU,1584716696,91,51.07,132.56,14.83,1.92
515,Āgaro,11,ET,1584716696,48,7.85,36.65,76.39,1.7
516,Aras,20,ES,1584716696,62,42.56,-2.36,62.01,18.34
517,Brandon,20,US,1584716405,65,27.94,-82.29,81.0,8.05
518,Kavaratti,81,IN,1584716696,71,10.57,72.64,83.95,10.22
519,Chicama,40,PE,1584716696,78,-7.84,-79.15,75.2,3.36
520,Davila,41,PH,1584716696,82,18.47,120.58,78.01,19.62
521,Liuzhou,100,CN,1584716697,89,24.31,109.39,72.25,4.16
522,São João da Barra,48,BR,1584716697,58,-21.64,-41.05,93.2,9.17
523,Dapaong,100,TG,1584716697,24,10.86,0.2,101.59,9.6
524,Itupiranga,75,BR,1584716697,88,-5.13,-49.33,78.8,4.7
525,Luangwa,51,ZM,1584716697,59,-15.62,30.42,81.43,5.26
526,Fuyu,21,CN,1584716697,57,45.18,124.82,34.99,7.78
527,Khomutovka,0,RU,1584716697,51,51.92,34.56,45.05,9.69
528,Bemidji,1,US,1584716697,55,47.47,-94.88,12.0,10.29
529,Nicoya,0,CR,1584716402,51,10.15,-85.45,86.0,18.34
530,Towada,40,JP,1584716697,48,40.61,141.21,42.01,29.97
531,Farmington,1,US,1584716442,63,36.73,-108.22,32.0,5.82
532,Boké,92,GN,1584716698,12,10.94,-14.3,109.15,2.48
533,Broome,90,US,1584716698,100,42.25,-75.83,61.0,11.41
534,Pundaguitan,0,PH,1584716698,74,6.37,126.17,81.43,10.07
535,Kyshtovka,100,RU,1584716698,85,56.55,76.63,30.85,15.73
536,Sangar,100,RU,1584716698,95,63.92,127.47,10.51,7.4
537,Peniche,20,PT,1584716698,76,39.36,-9.38,59.0,4.7
538,Itarema,40,BR,1584716698,74,-2.92,-39.92,87.8,5.82
539,Abhā,75,SA,1584716410,88,18.22,42.51,64.4,11.41
540,Mali,97,GN,1584716698,10,12.08,-12.3,101.41,5.23
541,Laguna,1,US,1584716699,87,38.42,-121.42,46.99,3.58
542,Nyaunglebin,0,MM,1584716699,63,17.95,96.73,77.11,6.51
543,Hualmay,96,PE,1584716699,70,-11.1,-77.61,75.31,5.75
544,Nyuksenitsa,100,RU,1584716699,83,60.41,44.24,29.59,11.54
545,Sawākin,0,SD,1584716699,57,19.11,37.33,80.6,13.87
546,Popondetta,74,PG,1584716699,93,-8.75,148.25,72.61,3.91
547,Marzuq,0,YE,1584716699,46,14.4,46.47,79.09,10.02
548,Honiara,40,SB,1584716685,100,-9.43,159.95,77.0,3.04
549,Pontianak,100,ID,1584716699,96,-0.03,109.33,73.51,1.83
550,Arthur,90,US,1584716699,87,39.71,-88.47,48.2,20.8
551,Msowero,40,TZ,1584716699,59,-6.53,37.2,89.6,13.87
552,Bento Gonçalves,40,BR,1584716700,68,-29.17,-51.52,73.0,6.93
553,Port Hardy,20,CA,1584716700,100,50.7,-127.42,28.4,3.36
554,Havre-St-Pierre,90,CA,1584716700,92,50.23,-63.6,30.2,19.46
555,Mill Valley,1,US,1584716700,93,37.91,-122.55,50.0,6.93
556,Pakxan,70,LA,1584716700,75,18.38,103.66,74.75,2.51
557,Russell,90,US,1584716700,93,32.35,-85.2,75.0,8.05
558,Killarney,87,IE,1584716573,65,52.05,-9.52,46.4,12.75
559,Asău,92,RO,1584716700,34,46.43,26.4,66.2,2.24
560,Arrondissement de Saint-Jean-de-Maurienne,10,FR,1584716700,49,45.17,6.58,55.99,5.01
561,Ust'-Ishim,100,RU,1584716700,94,57.69,71.17,33.91,10.85
562,Fernie,5,CA,1584716700,78,49.5,-115.07,19.4,4.7
563,Kelvington,100,CA,1584716577,96,52.17,-103.53,-1.01,3.98
564,Vera Cruz,75,BR,1584716701,78,-12.63,-41.03,80.6,5.82
565,Trairi,100,BR,1584716701,66,-3.28,-39.27,86.45,4.09
566,Atar,0,MR,1584716701,12,20.52,-13.05,83.23,12.62
567,Al Bardīyah,7,LY,1584716701,53,31.76,25.09,57.65,11.88
568,Salalah,40,OM,1584716701,69,17.02,54.09,82.4,11.41
569,Mindelo,75,CV,1584716701,53,16.89,-24.98,75.2,20.8
570,Akureyri,75,IS,1584716701,60,65.68,-18.09,41.0,35.57
